,Country Name,Land Area(sq.km),Country Code,Indicator Name,Indicator Code,1960,1961,1962,1963,1964,1965,1966,1967,1968,1969,1970,1971,1972,1973,1974,1975,1976,1977,1978,1979,1980,1981,1982,1983,1984,1985,1986,1987,1988,1989,1990,1991,1992,1993,1994,1995,1996,1997,1998,1999,2000,2001,2002,2003,2004,2005,2006,2007,2008,2009,2010,2011,2012,2013,2014,2015,2016,2017,2018,2019,2020,population density/sq.km
0,Albania,27400.0,ALB,"Population, total",SP.POP.TOTL,1608800.0,1659800.0,1711319.0,1762621.0,1814135.0,1864791.0,1914573.0,1965598.0,2022272.0,2081695.0,2135479.0,2187853.0,2243126.0,2296752.0,2350124.0,2404831.0,2458526.0,2513546.0,2566266.0,2617832.0,2671997.0,2726056.0,2784278.0,2843960.0,2904429.0,2964762.0,3022635.0,3083605.0,3142336.0,3227943.0,3286542.0,3266790.0,3247039.0,3227287.0,3207536.0,3187784.0,3168033.0,3148281.0,3128530.0,3108778.0,3089027.0,3060173.0,3051010.0,3039616.0,3026939.0,3011487.0,2992547.0,2970017.0,2947314.0,2927519.0,2913021.0,2905195.0,2900401.0,2895092.0,2889104.0,2880703.0,2876101.0,2873457.0,2866376.0,2854191.0,2837743.0,103.57
1,Austria,82520.0,AUT,"Population, total",SP.POP.TOTL,7047539.0,7086299.0,7129864.0,7175811.0,7223801.0,7270889.0,7322066.0,7376998.0,7415403.0,7441055.0,7467086.0,7500482.0,7544201.0,7586115.0,7599038.0,7578903.0,7565525.0,7568430.0,7562305.0,7549425.0,7549433.0,7568710.0,7574140.0,7561910.0,7561434.0,7564985.0,7569794.0,7574586.0,7585317.0,7619567.0,7677850.0,7754891.0,7840709.0,7905633.0,7936118.0,7948278.0,7959017.0,7968041.0,7976789.0,7992324.0,8011566.0,8042293.0,8081957.0,8121423.0,8171966.0,8227829.0,8268641.0,8295487.0,8321496.0,8343323.0,8363404.0,8391643.0,8429991.0,8479823.0,8546356.0,8642699.0,8736668.0,8797566.0,8840521.0,8879920.0,8917205.0,108.06
2,Belgium,30280.0,BEL,"Population, total",SP.POP.TOTL,9153489.0,9183948.0,9220578.0,9289770.0,9378113.0,9463667.0,9527807.0,9580991.0,9618756.0,9646032.0,9655549.0,9673162.0,9711115.0,9741720.0,9772419.0,9800700.0,9818227.0,9830358.0,9839534.0,9848382.0,9859242.0,9858982.0,9856303.0,9855520.0,9855372.0,9858308.0,9861823.0,9870234.0,9901664.0,9937697.0,9967379.0,10004486.0,10045158.0,10084475.0,10115603.0,10136811.0,10156637.0,10181245.0,10203008.0,10226419.0,10251250.0,10286570.0,10332785.0,10376133.0,10421137.0,10478617.0,10547958.0,10625700.0,10709973.0,10796493.0,10895586.0,11038264.0,11106932.0,11159407.0,11209057.0,11274196.0,11331422.0,11375158.0,11427054.0,11488980.0,11555997.0,381.64
3,Bulgaria,108560.0,BGR,"Population, total",SP.POP.TOTL,7867374.0,7943118.0,8012946.0,8078145.0,8144340.0,8204168.0,8258057.0,8310226.0,8369603.0,8434172.0,8489574.0,8536395.0,8576200.0,8620967.0,8678745.0,8720742.0,8758599.0,8804183.0,8814032.0,8825940.0,8861535.0,8891117.0,8917457.0,8939738.0,8960679.0,8960547.0,8958171.0,8971359.0,8981446.0,8876972.0,8718289.0,8632367.0,8540164.0,8472313.0,8443591.0,8406067.0,8362826.0,8312068.0,8256786.0,8210624.0,8170172.0,8009142.0,7837161.0,7775327.0,7716860.0,7658972.0,7601022.0,7545338.0,7492561.0,7444443.0,7395599.0,7348328.0,7305888.0,7265115.0,7223938.0,7177991.0,7127822.0,7075947.0,7025037.0,6975761.0,6927288.0,63.81
4,Bosnia and Herzegovina,51200.0,BIH,"Population, total",SP.POP.TOTL,3225664.0,3288604.0,3353228.0,3417573.0,3478999.0,3535632.0,3586630.0,3632678.0,3675448.0,3717476.0,3760536.0,3805286.0,3851153.0,3897259.0,3942221.0,3985107.0,4025271.0,4063188.0,4100355.0,4138816.0,4179850.0,4222479.0,4265183.0,4307907.0,4350566.0,4392135.0,4435925.0,4479516.0,4509462.0,4507819.0,4463422.0,4369320.0,4233673.0,4078940.0,3936527.0,3829049.0,3764419.0,3736070.0,3734338.0,3743353.0,3751176.0,3755514.0,3759389.0,3762179.0,3764194.0,3765332.0,3765422.0,3762791.0,3754261.0,3735945.0,3705478.0,3661173.0,3604972.0,3542598.0,3482106.0,3429362.0,3386263.0,3351534.0,3323929.0,3300998.0,3280815.0,64.08
5,Switzerland,39516.03,CHE,"Population, total",SP.POP.TOTL,5327827.0,5434294.0,5573815.0,5694247.0,5789228.0,5856472.0,5918002.0,5991785.0,6067714.0,6136387.0,6180877.0,6213399.0,6260956.0,6307347.0,6341405.0,6338632.0,6302504.0,6281174.0,6281738.0,6294365.0,6319408.0,6354074.0,6391309.0,6418773.0,6441865.0,6470365.0,6504124.0,6545106.0,6593386.0,6646912.0,6715519.0,6799978.0,6875364.0,6938265.0,6993795.0,7040687.0,7071850.0,7088906.0,7110001.0,7143991.0,7184250.0,7229854.0,7284753.0,7339001.0,7389625.0,7437115.0,7483934.0,7551117.0,7647675.0,7743831.0,7824909.0,7912398.0,7996861.0,8089346.0,8188649.0,8282396.0,8373338.0,8451840.0,8514329.0,8575280.0,8636896.0,218.57
6,Cyprus,9240.0,CYP,"Population, total",SP.POP.TOTL,572933.0,576402.0,577696.0,577918.0,578628.0,580972.0,585313.0,591301.0,598495.0,606121.0,613618.0,620860.0,628002.0,635105.0,642322.0,649753.0,657524.0,665521.0,673253.0,680010.0,685408.0,689170.0,691716.0,694076.0,697715.0,703694.0,712335.0,723384.0,736476.0,751043.0,766616.0,783121.0,800610.0,818750.0,837104.0,855391.0,873426.0,891190.0,908710.0,926049.0,943288.0,960274.0,976968.0,993562.0,1010410.0,1027657.0,1045508.0,1063708.0,1081568.0,1098089.0,1112617.0,1124837.0,1135046.0,1143866.0,1152297.0,1160987.0,1170189.0,1179685.0,1189262.0,1198574.0,1207361.0,130.67
7,Czech Republic,77210.0,CZE,"Population, total",SP.POP.TOTL,9602006.0,9586651.0,9624660.0,9670685.0,9727804.0,9779358.0,9821040.0,9852899.0,9876346.0,9896580.0,9858071.0,9826815.0,9867632.0,9922266.0,9988459.0,10058620.0,10125939.0,10186755.0,10242098.0,10292341.0,10304193.0,10300591.0,10314826.0,10323856.0,10330213.0,10337118.0,10342227.0,10347318.0,10355276.0,10361068.0,10333355.0,10308578.0,10319123.0,10329855.0,10333587.0,10327253.0,10315241.0,10304131.0,10294373.0,10283860.0,10255063.0,10216605.0,10196916.0,10193998.0,10197101.0,10211216.0,10238905.0,10298828.0,10384603.0,10443936.0,10474410.0,10496088.0,10510785.0,10514272.0,10525347.0,10546059.0,10566332.0,10594438.0,10629928.0,10671870.0,10698896.0,138.57
8,Germany,349370.0,DEU,"Population, total",SP.POP.TOTL,72814900.0,73377632.0,74025784.0,74714353.0,75318337.0,75963695.0,76600311.0,76951336.0,77294314.0,77909682.0,78169289.0,78312842.0,78688452.0,78936666.0,78967433.0,78673554.0,78336950.0,78159814.0,78091820.0,78126350.0,78288576.0,78407907.0,78333366.0,78128282.0,77858685.0,77684873.0,77720436.0,77839920.0,78144619.0,78751283.0,79433029.0,80013896.0,80624598.0,81156363.0,81438348.0,81678051.0,81914831.0,82034771.0,82047195.0,82100243.0,82211508.0,82349925.0,82488495.0,82534176.0,82516260.0,82469422.0,82376451.0,82266372.0,82110097.0,81902307.0,81776930.0,80274983.0,80425823.0,80645605.0,80982500.0,81686611.0,82348669.0,82657002.0,82905782.0,83092962.0,83240525.0,238.26
9,Denmark,40000.0,DNK,"Population, total",SP.POP.TOTL,4579603.0,4611687.0,4647727.0,4684483.0,4722072.0,4759012.0,4797381.0,4835354.0,4864883.0,4891860.0,4928757.0,4963126.0,4991596.0,5021861.0,5045297.0,5059862.0,5072596.0,5088419.0,5104248.0,5116801.0,5123027.0,5121572.0,5117810.0,5114297.0,5111619.0,5113691.0,5120534.0,5127024.0,5129516.0,5132594.0,5140939.0,5154298.0,5171370.0,5188628.0,5206180.0,5233373.0,5263074.0,5284991.0,5304219.0,5321799.0,5339616.0,5358783.0,5375931.0,5390574.0,5404523.0,5419432.0,5437272.0,5461438.0,5493621.0,5523095.0,5547683.0,5570572.0,5591572.0,5614932.0,5643475.0,5683483.0,5728010.0,5764980.0,5793636.0,5814422.0,5831404.0,145.79
10,Spain,499547.35,ESP,"Population, total",SP.POP.TOTL,30455000.0,30739250.0,31023366.0,31296651.0,31609195.0,31954292.0,32283194.0,32682947.0,33113134.0,33441054.0,33814531.0,34224490.0,34604469.0,34988947.0,35373335.0,35757900.0,36137812.0,36511638.0,36864898.0,37191330.0,37491165.0,37758631.0,37986012.0,38171525.0,38330364.0,38469512.0,38584624.0,38684815.0,38766939.0,38827764.0,38867322.0,38966376.0,39157685.0,39361262.0,39549108.0,39724050.0,39889852.0,40057389.0,40223509.0,40386875.0,40567864.0,40850412.0,41431558.0,42187645.0,42921895.0,43653155.0,44397319.0,45226803.0,45954106.0,46362946.0,46576897.0,46742697.0,46773055.0,46620045.0,46480882.0,46444832.0,46484062.0,46593236.0,46797754.0,47133521.0,47351567.0,94.79
11,Estonia,43470.0,EST,"Population, total",SP.POP.TOTL,1211537.0,1225077.0,1241623.0,1258857.0,1277086.0,1294566.0,1308597.0,1318946.0,1331214.0,1345249.0,1360076.0,1376955.0,1392518.0,1405951.0,1418169.0,1429352.0,1439576.0,1450211.0,1460188.0,1468333.0,1477219.0,1487666.0,1498414.0,1508745.0,1518617.0,1528781.0,1540190.0,1552221.0,1561900.0,1568131.0,1569174.0,1561314.0,1533091.0,1494128.0,1462514.0,1436634.0,1415594.0,1399535.0,1386156.0,1390244.0,1396985.0,1388115.0,1379350.0,1370720.0,1362550.0,1354775.0,1346810.0,1340680.0,1337090.0,1334515.0,1331475.0,1327439.0,1322696.0,1317997.0,1314545.0,1315407.0,1315790.0,1317384.0,1321977.0,1326898.0,1331057.0,30.62
12,Finland,303920.0,FIN,"Population, total",SP.POP.TOTL,4429634.0,4461005.0,4491443.0,4523309.0,4548543.0,4563732.0,4580869.0,4605744.0,4626469.0,4623785.0,4606307.0,4612124.0,4639657.0,4666081.0,4690574.0,4711440.0,4725664.0,4738902.0,4752528.0,4764690.0,4779535.0,4799964.0,4826933.0,4855787.0,4881803.0,4902206.0,4918154.0,4932123.0,4946481.0,4964371.0,4986431.0,5013740.0,5041992.0,5066447.0,5088333.0,5107790.0,5124573.0,5139835.0,5153498.0,5165474.0,5176209.0,5188008.0,5200598.0,5213014.0,5228172.0,5246096.0,5266268.0,5288720.0,5313399.0,5338871.0,5363352.0,5388272.0,5413971.0,5438972.0,5461512.0,5479531.0,5495303.0,5508214.0,5515525.0,5521606.0,5530719.0,18.2
13,France,547557.0,FRA,"Population, total",SP.POP.TOTL,46621688.0,47240526.0,47904879.0,48582624.0,49230585.0,49818019.0,50330268.0,50775788.0,51175507.0,51561833.0,51957747.0,52371320.0,52793151.0,53207744.0,53592235.0,53931390.0,54220033.0,54467709.0,54691866.0,54917110.0,55161510.0,55430278.0,55718940.0,56023775.0,56337675.0,56654703.0,56976126.0,57302642.0,57627106.0,57940199.0,58235716.0,58559309.0,58851216.0,59106758.0,59327200.0,59541904.0,59753095.0,59964841.0,60186284.0,60496708.0,60912500.0,61357432.0,61805266.0,62244880.0,62704901.0,63179356.0,63621376.0,64016227.0,64374979.0,64707035.0,65027505.0,65342789.0,65659814.0,65998685.0,66312067.0,66548272.0,66724104.0,66918020.0,67101930.0,67248926.0,67391582.0,123.08
14,United Kingdom,241930.0,GBR,"Population, total",SP.POP.TOTL,52400000.0,52800000.0,53250000.0,53650000.0,54000000.0,54348050.0,54648500.0,54943600.0,55211700.0,55441750.0,55663250.0,55896223.0,56086065.0,56194527.0,56229974.0,56225800.0,56211968.0,56193492.0,56196504.0,56246951.0,56314216.0,56333829.0,56313641.0,56332848.0,56422072.0,56550268.0,56681396.0,56802050.0,56928327.0,57076711.0,57247586.0,57424897.0,57580402.0,57718614.0,57865745.0,58019030.0,58166950.0,58316954.0,58487141.0,58682466.0,58892514.0,59119673.0,59370479.0,59647577.0,59987905.0,60401206.0,60846820.0,61322463.0,61806995.0,62276270.0,62766365.0,63258810.0,63700215.0,64128273.0,64602298.0,65116219.0,65611593.0,66058859.0,66460344.0,66836327.0,67215293.0,277.83
15,Georgia,69490.0,GEO,"Population, total",SP.POP.TOTL,3645600.0,3703600.0,3760300.0,3816100.0,3870300.0,3921600.0,3966700.0,4005800.0,4042300.0,4080300.0,4119900.0,4163000.0,4205300.0,4242500.0,4279500.0,4311200.0,4342400.0,4372100.0,4397700.0,4430200.0,4467700.0,4504500.0,4542800.0,4582900.0,4622200.0,4662900.0,4704500.0,4743500.0,4790700.0,4803300.0,4802000.0,4835900.0,4873500.0,4911100.0,4836076.0,4657722.0,4491699.0,4349913.0,4243607.0,4157192.0,4077131.0,4014373.0,3978515.0,3951736.0,3927340.0,3902469.0,3880347.0,3860158.0,3848449.0,3814419.0,3786695.0,3756441.0,3728874.0,3717668.0,3719414.0,3725276.0,3727505.0,3728004.0,3726549.0,3720161.0,3714000.0,53.45
16,Greece,128900.0,GRC,"Population, total",SP.POP.TOTL,8331725.0,8398050.0,8448233.0,8479625.0,8510429.0,8550333.0,8613651.0,8684088.0,8740765.0,8772764.0,8792806.0,8831036.0,8888628.0,8929086.0,8962022.0,9046541.0,9188150.0,9308479.0,9429959.0,9548258.0,9642505.0,9729350.0,9789513.0,9846627.0,9895801.0,9934300.0,9967213.0,10000595.0,10036983.0,10089498.0,10196792.0,10319927.0,10399061.0,10460415.0,10512922.0,10562153.0,10608800.0,10661259.0,10720509.0,10761698.0,10805808.0,10862132.0,10902022.0,10928070.0,10955141.0,10987314.0,11020362.0,11048473.0,11077841.0,11107017.0,11121341.0,11104899.0,11045011.0,10965211.0,10892413.0,10820883.0,10775971.0,10754679.0,10732882.0,10721582.0,10715549.0,83.13
17,Croatia,56590.0,HRV,"Population, total",SP.POP.TOTL,4140181.0,4167292.0,4196712.0,4225675.0,4252876.0,4280923.0,4310701.0,4338683.0,4365628.0,4391490.0,4412252.0,4431275.0,4450564.0,4470161.0,4490660.0,4512082.0,4535934.0,4559571.0,4581085.0,4594778.0,4599782.0,4611509.0,4634234.0,4658254.0,4680285.0,4701417.0,4721446.0,4739745.0,4755207.0,4767260.0,4777368.0,4689022.0,4575818.0,4600463.0,4652024.0,4620030.0,4557097.0,4534920.0,4532135.0,4512597.0,4468302.0,4299642.0,4302174.0,4303399.0,4304600.0,4310145.0,4311159.0,4310217.0,4309705.0,4305181.0,4295427.0,4280622.0,4267558.0,4255689.0,4238389.0,4203604.0,4174349.0,4124531.0,4087843.0,4065253.0,4047200.0,71.52
18,Hungary,91260.0,HUN,"Population, total",SP.POP.TOTL,9983967.0,10029321.0,10061734.0,10087947.0,10119835.0,10147935.0,10178653.0,10216604.0,10255815.0,10298723.0,10337910.0,10367537.0,10398489.0,10432055.0,10478720.0,10540525.0,10598677.0,10648031.0,10684822.0,10704152.0,10711122.0,10711848.0,10705535.0,10689463.0,10668095.0,10648713.0,10630564.0,10612741.0,10596487.0,10481719.0,10373988.0,10373400.0,10369341.0,10357523.0,10343355.0,10328965.0,10311238.0,10290486.0,10266570.0,10237530.0,10210971.0,10187576.0,10158608.0,10129552.0,10107146.0,10087065.0,10071370.0,10055780.0,10038188.0,10022650.0,10000023.0,9971727.0,9920362.0,9893082.0,9866468.0,9843028.0,9814023.0,9787966.0,9775564.0,9771141.0,9749763.0,106.84
19,Ireland,68890.0,IRL,"Population, total",SP.POP.TOTL,2828600.0,2824400.0,2836050.0,2852650.0,2866550.0,2877300.0,2888800.0,2902450.0,2915550.0,2932650.0,2957250.0,2992050.0,3036850.0,3085950.0,3137500.0,3189550.0,3238050.0,3282200.0,3329100.0,3373750.0,3412800.0,3453000.0,3485800.0,3510600.0,3532423.0,3538082.0,3539690.0,3540057.0,3524949.0,3511009.0,3513974.0,3534235.0,3558430.0,3576261.0,3590386.0,3608841.0,3637510.0,3674171.0,3712696.0,3754786.0,3805174.0,3866243.0,3931947.0,3996521.0,4070262.0,4159914.0,4273591.0,4398942.0,4489544.0,4535375.0,4560155.0,4580084.0,4599533.0,4623816.0,4657740.0,4701957.0,4755335.0,4807388.0,4867316.0,4934340.0,4994724.0,72.5
20,Iceland,100250.0,ISL,"Population, total",SP.POP.TOTL,175574.0,179029.0,182378.0,185653.0,188983.0,192286.0,195570.0,198751.0,201488.0,203369.0,204438.0,206098.0,209137.0,212317.0,215209.0,217979.0,220154.0,221799.0,223537.0,225735.0,228138.0,230755.0,233860.0,236977.0,239511.0,241405.0,243180.0,245859.0,249740.0,252852.0,254826.0,257797.0,261057.0,263725.0,266021.0,267468.0,268916.0,271128.0,274047.0,277381.0,281205.0,284968.0,287523.0,289521.0,292074.0,296734.0,303782.0,311566.0,317414.0,318499.0,318041.0,319014.0,320716.0,323764.0,327386.0,330815.0,335439.0,343400.0,352721.0,360563.0,366425.0,3.66
21,Italy,294140.0,ITA,"Population, total",SP.POP.TOTL,50199700.0,50536350.0,50879450.0,51252000.0,51675350.0,52112350.0,52519000.0,52900500.0,53235750.0,53537950.0,53821850.0,54073490.0,54381345.0,54751406.0,55110868.0,55441001.0,55718260.0,55955411.0,56155143.0,56317749.0,56433883.0,56501675.0,56543548.0,56564074.0,56576718.0,56593071.0,56596155.0,56601931.0,56629288.0,56671781.0,56719240.0,56758521.0,56797087.0,56831821.0,56843400.0,56844303.0,56860281.0,56890372.0,56906744.0,56916317.0,56942108.0,56974100.0,57059007.0,57313203.0,57685327.0,57969484.0,58143979.0,58438310.0,58826731.0,59095365.0,59277417.0,59379449.0,59539717.0,60233948.0,60789140.0,60730582.0,60627498.0,60536709.0,60421760.0,59729081.0,59554023.0,202.47
22,Lithuania,62641.0,LTU,"Population, total",SP.POP.TOTL,2778550.0,2823550.0,2863350.0,2898950.0,2935200.0,2971450.0,3008050.0,3044400.0,3078850.0,3107321.0,3139689.0,3179041.0,3213622.0,3244438.0,3273894.0,3301652.0,3328664.0,3355036.0,3379514.0,3397842.0,3413202.0,3432947.0,3457179.0,3485192.0,3514205.0,3544543.0,3578914.0,3616367.0,3655049.0,3684255.0,3697838.0,3704134.0,3700114.0,3682613.0,3657144.0,3629102.0,3601613.0,3575137.0,3549331.0,3524238.0,3499536.0,3470818.0,3443067.0,3415213.0,3377075.0,3322528.0,3269909.0,3231294.0,3198231.0,3162916.0,3097282.0,3028115.0,2987773.0,2957689.0,2932367.0,2904910.0,2868231.0,2828403.0,2801543.0,2794137.0,2794700.0,44.61
23,Luxembourg,2430.0,LUX,"Population, total",SP.POP.TOTL,313970.0,316845.0,320750.0,324100.0,327750.0,331500.0,333895.0,334995.0,335850.0,337500.0,339171.0,342421.0,346600.0,350450.0,355050.0,358950.0,360731.0,361358.0,362007.0,362856.0,364150.0,365225.0,365525.0,365622.0,365998.0,366706.0,368355.0,370750.0,373450.0,377100.0,381850.0,387000.0,392175.0,397475.0,402925.0,408625.0,414225.0,419450.0,424700.0,430475.0,436300.0,441525.0,446175.0,451630.0,458095.0,465158.0,472637.0,479993.0,488650.0,497783.0,506953.0,518347.0,530946.0,543360.0,556319.0,569604.0,582014.0,596336.0,607950.0,620001.0,632275.0,260.2
24,Latvia,62110.0,LVA,"Population, total",SP.POP.TOTL,2120979.0,2152681.0,2181586.0,2210919.0,2240623.0,2265919.0,2283217.0,2301220.0,2323619.0,2343173.0,2359164.0,2376389.0,2395674.0,2415819.0,2437186.0,2456130.0,2470989.0,2485073.0,2497921.0,2505953.0,2511701.0,2519421.0,2531080.0,2546011.0,2562047.0,2578873.0,2599892.0,2626583.0,2653434.0,2666955.0,2663151.0,2650581.0,2614338.0,2563290.0,2520742.0,2485056.0,2457222.0,2432851.0,2410019.0,2390482.0,2367550.0,2337170.0,2310173.0,2287955.0,2263122.0,2238799.0,2218357.0,2200325.0,2177322.0,2141669.0,2097555.0,2059709.0,2034319.0,2012647.0,1993782.0,1977527.0,1959537.0,1942248.0,1927174.0,1913822.0,1901548.0,30.62
25,Moldova,32890.0,MDA,"Population, total",SP.POP.TOTL,2043664.0,2092667.0,2140063.0,2185050.0,2228429.0,2269399.0,2307959.0,2344108.0,2377848.0,2411588.0,2445328.0,2479871.0,2515217.0,2549760.0,2582697.0,2611616.0,2638126.0,2660619.0,2682309.0,2703999.0,2728099.0,2754609.0,2782725.0,2811645.0,2840565.0,2867878.0,2893584.0,2918487.0,2940177.0,2957047.0,2969097.0,2975523.0,2977130.0,2973114.0,2964277.0,2952307.0,2946401.0,2935524.0,2934339.0,2929735.0,2923783.0,2917252.0,2910504.0,2902320.0,2895147.0,2888111.0,2880095.0,2873429.0,2867964.0,2864346.0,2861487.0,2859833.0,2859458.0,2858692.0,2856950.0,2834530.0,2802170.0,2755158.0,2708214.0,2663251.0,2617820.0,79.59
26,North Macedonia,25220.0,MKD,"Population, total",SP.POP.TOTL,1488670.0,1507647.0,1527109.0,1547449.0,1569139.0,1592437.0,1617797.0,1644949.0,1672399.0,1698150.0,1720805.0,1739529.0,1754951.0,1769002.0,1784400.0,1803008.0,1825559.0,1851070.0,1877690.0,1902718.0,1924203.0,1941527.0,1955247.0,1965892.0,1974413.0,1981536.0,1987538.0,1992278.0,1995508.0,1996863.0,1996218.0,1993304.0,1988659.0,1984024.0,1981713.0,1983259.0,1989441.0,1999588.0,2012052.0,2024393.0,2034823.0,2042844.0,2048930.0,2053426.0,2057044.0,2060280.0,2063132.0,2065408.0,2067309.0,2069030.0,2070737.0,2072484.0,2074275.0,2076065.0,2077780.0,2079335.0,2080746.0,2081996.0,2082957.0,2083458.0,2083380.0,82.61
27,Malta,320.0,MLT,"Population, total",SP.POP.TOTL,326550.0,325250.0,323900.0,322550.0,321250.0,318800.0,315200.0,311550.0,307900.0,304300.0,302650.0,302700.0,302450.0,302200.0,301996.0,304222.0,305774.0,306970.0,310182.0,313342.0,316645.0,318982.0,325898.0,330524.0,330593.0,336452.0,342121.0,344485.0,347325.0,350722.0,354170.0,363845.0,367618.0,371308.0,374797.0,377419.0,379905.0,382791.0,385287.0,387578.0,390087.0,393028.0,395969.0,398582.0,401268.0,403834.0,405308.0,406724.0,409379.0,412477.0,414508.0,416268.0,420028.0,425967.0,434558.0,445053.0,455356.0,467999.0,484630.0,504062.0,525285.0,1641.52
28,Montenegro,13450.0,MNE,"Population, total",SP.POP.TOTL,480579.0,491140.0,502558.0,513409.0,521753.0,526327.0,526419.0,522796.0,517481.0,513340.0,512407.0,515449.0,521785.0,530220.0,538902.0,546487.0,552562.0,557576.0,562065.0,566888.0,572608.0,579445.0,587001.0,594506.0,600884.0,605398.0,607711.0,608144.0,607413.0,606571.0,606372.0,607105.0,608516.0,610170.0,611389.0,611712.0,611003.0,609520.0,607662.0,606001.0,604950.0,607389.0,609828.0,612267.0,613353.0,614261.0,615025.0,615875.0,616969.0,618294.0,619428.0,620079.0,620601.0,621207.0,621810.0,622159.0,622303.0,622373.0,622227.0,622028.0,621718.0,46.22
29,Netherlands,33670.0,NLD,"Population, total",SP.POP.TOTL,11486631.0,11638712.0,11805689.0,11965966.0,12127120.0,12294732.0,12456251.0,12598201.0,12729721.0,12877984.0,13038526.0,13194497.0,13328593.0,13439322.0,13545056.0,13666335.0,13774037.0,13856185.0,13941700.0,14038270.0,14149800.0,14247208.0,14312690.0,14367070.0,14424211.0,14491632.0,14572278.0,14665037.0,14760094.0,14848907.0,14951510.0,15069798.0,15184166.0,15290368.0,15382838.0,15459006.0,15530498.0,15610650.0,15707209.0,15812088.0,15925513.0,16046180.0,16148929.0,16225302.0,16281779.0,16319868.0,16346101.0,16381696.0,16445593.0,16530388.0,16615394.0,16693074.0,16754962.0,16804432.0,16865008.0,16939923.0,17030314.0,17131296.0,17231624.0,17344874.0,17441139.0,518.0
30,Norway,365122.96,NOR,"Population, total",SP.POP.TOTL,3581239.0,3609800.0,3638918.0,3666537.0,3694339.0,3723168.0,3753012.0,3784539.0,3816486.0,3847707.0,3875763.0,3903039.0,3933004.0,3960612.0,3985258.0,4007313.0,4026152.0,4043205.0,4058671.0,4072517.0,4085620.0,4099702.0,4114787.0,4128432.0,4140099.0,4152516.0,4167354.0,4186905.0,4209488.0,4226901.0,4241473.0,4261732.0,4286401.0,4311991.0,4336613.0,4359184.0,4381336.0,4405157.0,4431464.0,4461913.0,4490967.0,4513751.0,4538159.0,4564855.0,4591910.0,4623291.0,4660677.0,4709153.0,4768212.0,4828726.0,4889252.0,4953088.0,5018573.0,5079623.0,5137232.0,5188607.0,5234519.0,5276968.0,5311916.0,5347896.0,5379475.0,14.73
31,Poland,306190.0,POL,"Population, total",SP.POP.TOTL,29637450.0,29964000.0,30308500.0,30712000.0,31139450.0,31444950.0,31681000.0,31987155.0,32294655.0,32548300.0,32664300.0,32783500.0,33055650.0,33357200.0,33678899.0,34015199.0,34356300.0,34689050.0,34965600.0,35247217.0,35574150.0,35898587.0,36230481.0,36571808.0,36904134.0,37201885.0,37456119.0,37668045.0,37824487.0,37961529.0,38110782.0,38246193.0,38363667.0,38461408.0,38542652.0,38594998.0,38624370.0,38649660.0,38663481.0,38660271.0,38258629.0,38248076.0,38230364.0,38204570.0,38182222.0,38165445.0,38141267.0,38120560.0,38125759.0,38151603.0,38042794.0,38063255.0,38063164.0,38040196.0,38011735.0,37986412.0,37970087.0,37974826.0,37974750.0,37965475.0,37950802.0,123.95
32,Portugal,91605.6,PRT,"Population, total",SP.POP.TOTL,8857716.0,8929316.0,8993985.0,9030355.0,9035365.0,8998595.0,8930990.0,8874520.0,8836650.0,8757705.0,8680431.0,8643756.0,8630430.0,8633100.0,8754365.0,9093470.0,9355810.0,9455675.0,9558250.0,9661265.0,9766312.0,9851362.0,9911771.0,9957865.0,9996232.0,10023613.0,10032734.0,10030031.0,10019610.0,10005000.0,9983218.0,9960235.0,9952494.0,9964675.0,9991525.0,10026176.0,10063945.0,10108977.0,10160196.0,10217828.0,10289898.0,10362722.0,10419631.0,10458821.0,10483861.0,10503330.0,10522288.0,10542964.0,10558177.0,10568247.0,10573100.0,10557560.0,10514844.0,10457295.0,10401062.0,10358076.0,10325452.0,10300300.0,10283822.0,10286263.0,10305564.0,112.5
33,Romania,230080.0,ROU,"Population, total",SP.POP.TOTL,18406905.0,18555250.0,18676550.0,18797850.0,18919126.0,19031576.0,19215450.0,19534242.0,19799831.0,20009141.0,20250398.0,20461567.0,20657957.0,20835681.0,21029429.0,21293583.0,21551634.0,21756096.0,21951464.0,22090488.0,22207282.0,22353070.0,22475741.0,22560478.0,22640547.0,22732999.0,22836841.0,22949430.0,23057662.0,23161458.0,23201835.0,23001155.0,22794284.0,22763280.0,22730211.0,22684270.0,22619004.0,22553978.0,22507344.0,22472040.0,22442971.0,22131970.0,21730496.0,21574326.0,21451748.0,21319685.0,21193760.0,20882982.0,20537875.0,20367487.0,20246871.0,20147528.0,20058035.0,19983693.0,19908979.0,19815616.0,19702267.0,19588715.0,19473970.0,19371648.0,19286123.0,83.82
34,Serbia,87460.0,SRB,"Population, total",SP.POP.TOTL,6608000.0,6655000.0,6696000.0,6732000.0,6765000.0,6794000.0,6841000.0,6880000.0,6915000.0,6945000.0,6972000.0,7013000.0,7053000.0,7091000.0,7128000.0,7163000.0,7214000.0,7258000.0,7297000.0,7332000.0,7362000.0,7405000.0,7440000.0,7468000.0,7489000.0,7504000.0,7536000.0,7558000.0,7572000.0,7581000.0,7586000.0,7595636.0,7646424.0,7699307.0,7734639.0,7625357.0,7617794.0,7596501.0,7567745.0,7540401.0,7516346.0,7503433.0,7496522.0,7480591.0,7463157.0,7440769.0,7411569.0,7381579.0,7350222.0,7320807.0,7291436.0,7234099.0,7199077.0,7164132.0,7130576.0,7095383.0,7058322.0,7020858.0,6982604.0,6945235.0,6908224.0,78.99
35,Slovak Republic,48080.0,SVK,"Population, total",SP.POP.TOTL,4068095.0,4191667.0,4238188.0,4282017.0,4327341.0,4370983.0,4411666.0,4449367.0,4483915.0,4518607.0,4538223.0,4557449.0,4596622.0,4641445.0,4689623.0,4739105.0,4789507.0,4840501.0,4890125.0,4938973.0,4979815.0,5016105.0,5055099.0,5091971.0,5127097.0,5161768.0,5193838.0,5222840.0,5250596.0,5275942.0,5299187.0,5303294.0,5305016.0,5325305.0,5346331.0,5361999.0,5373361.0,5383291.0,5390516.0,5396020.0,5388720.0,5378867.0,5376912.0,5373374.0,5372280.0,5372807.0,5373054.0,5374622.0,5379233.0,5386406.0,5391428.0,5398384.0,5407579.0,5413393.0,5418649.0,5423801.0,5430798.0,5439232.0,5446771.0,5454147.0,5458827.0,113.54
36,Slovenia,20138.1,SVN,"Population, total",SP.POP.TOTL,1584720.0,1594131.0,1603649.0,1616971.0,1632114.0,1649160.0,1669905.0,1689528.0,1704546.0,1713874.0,1724891.0,1738335.0,1752233.0,1766697.0,1776132.0,1793581.0,1820249.0,1842377.0,1862548.0,1882599.0,1901315.0,1906531.0,1910334.0,1922321.0,1932154.0,1941641.0,1965964.0,1989776.0,1995196.0,1996351.0,1998161.0,1999429.0,1996498.0,1991746.0,1989443.0,1989872.0,1988628.0,1985956.0,1981629.0,1983045.0,1988925.0,1992060.0,1994530.0,1995733.0,1997012.0,2000474.0,2006868.0,2018122.0,2021316.0,2039669.0,2048583.0,2052843.0,2057159.0,2059953.0,2061980.0,2063531.0,2065042.0,2066388.0,2073894.0,2088385.0,2100126.0,104.29
37,Sweden,407310.0,SWE,"Population, total",SP.POP.TOTL,7484656.0,7519998.0,7561588.0,7604328.0,7661354.0,7733853.0,7807797.0,7867931.0,7912273.0,7968072.0,8042801.0,8098334.0,8122300.0,8136312.0,8159955.0,8192437.0,8222286.0,8251540.0,8275599.0,8293678.0,8310531.0,8320503.0,8325263.0,8329033.0,8336605.0,8350386.0,8369829.0,8397804.0,8436489.0,8492964.0,8558835.0,8617375.0,8668067.0,8718561.0,8780745.0,8826939.0,8840998.0,8846062.0,8850974.0,8857874.0,8872109.0,8895960.0,8924958.0,8958229.0,8993531.0,9029572.0,9080505.0,9148092.0,9219637.0,9298515.0,9378126.0,9449213.0,9519374.0,9600379.0,9696110.0,9799186.0,9923085.0,10057698.0,10175214.0,10278887.0,10353442.0,25.42
38,Turkey,769630.0,TUR,"Population, total",SP.POP.TOTL,27472339.0,28146909.0,28832831.0,29531362.0,30244258.0,30972996.0,31717504.0,32477994.0,33256465.0,34055391.0,34876296.0,35720603.0,36587267.0,37472329.0,38370278.0,39277249.0,40189561.0,41108290.0,42039983.0,42994043.0,43975972.0,44988411.0,46025411.0,47073470.0,48114158.0,49133928.0,50128548.0,51100930.0,52053764.0,52992479.0,53921758.0,54840595.0,55748946.0,56653808.0,57564209.0,58486453.0,59423278.0,60372571.0,61329665.0,62287391.0,63240196.0,64192243.0,65145357.0,66089402.0,67010930.0,67903461.0,68756809.0,69581854.0,70418612.0,71321406.0,72326992.0,73443254.0,74651046.0,75925454.0,77229262.0,78529413.0,79827868.0,81116451.0,82340090.0,83429607.0,84339067.0,109.58
39,Ukraine,579300.0,UKR,"Population, total",SP.POP.TOTL,42664646.0,43206353.0,43752227.0,44288607.0,44796959.0,45264552.0,45684983.0,46063219.0,46411816.0,46749289.0,47088862.0,47435008.0,47783006.0,48125829.0,48452623.0,48755662.0,49032729.0,49287118.0,49523304.0,49747998.0,49965872.0,50221000.0,50384000.0,50564000.0,50754000.0,50917000.0,51097000.0,51293000.0,51521000.0,51773000.0,51891400.0,52000500.0,52150400.0,52179200.0,51921400.0,51512800.0,51057800.0,50594600.0,50144500.0,49674000.0,49176500.0,48662400.0,48202470.0,47812949.0,47451626.0,47105171.0,46787786.0,46509355.0,46258189.0,46053331.0,45870741.0,45706086.0,45593342.0,45489648.0,45272155.0,45154036.0,45004673.0,44831135.0,44622518.0,44386203.0,44134693.0,76.19
40,Kosovo,10887.0,XKX,"Population, total",SP.POP.TOTL,947000.0,966000.0,994000.0,1022000.0,1050000.0,1078000.0,1106000.0,1135000.0,1163000.0,1191000.0,1219000.0,1247000.0,1278000.0,1308000.0,1339000.0,1369000.0,1400000.0,1430000.0,1460000.0,1491000.0,1521000.0,1552000.0,1582000.0,1614000.0,1647000.0,1682000.0,1717000.0,1753000.0,1791000.0,1827000.0,1862000.0,1898000.0,1932000.0,1965000.0,1997000.0,2029000.0,2059000.0,2086000.0,1966000.0,1762000.0,1700000.0,1701154.0,1702310.0,1703466.0,1704622.0,1705780.0,1719536.0,1733404.0,1747383.0,1761474.0,1775680.0,1791000.0,1807106.0,1818117.0,1812771.0,1788196.0,1777557.0,1791003.0,1797085.0,1788878.0,1775378.0,163.07
